Workbook

Sheet Gia dinh
A1: GIẢ ĐỊNH (chỉ sửa ô chữ xanh)
A2: Chữ xanh = số nhập tay. Nền vàng = giả định quan trọng hoặc cần chốt. Chữ đen = công thức. Đơn vị: đồng.
A4: Giả định | B4: Giá trị | C4: Đơn vị | D4: Nguồn / ghi chú
A5: Giá bán
A6: Giá gói tháng / suất | B6: 65000 | C6: đồng | D6: Chủ dự án chốt 11/10/2026
A7: Giá gói tuần / suất | B7: 70000 | C7: đồng | D7: Chủ dự án chốt 11/10/2026
A8: Tỷ lệ suất bán theo gói tháng | B8: 0.5 | C8: % | D8: ƯỚC TÍNH, cần chốt. Phần còn lại là gói tuần
A9: Giá bình quân / suất | B9: =$B$6*$B$8+$B$7*(1-$B$8) -> 67500 | C9: đồng | D9: Công thức
A10: Số ngày bán / tháng | B10: 22 | C10: ngày | D10: Thứ 2 đến thứ 6
A11: Chi phí biến đổi / suất (COGS)
A12: Nguyên liệu / suất | B12: 20000 | C12: đồng | D12: ƯỚC TÍNH (17-25k). Cần cân thử khẩu phần
A13: Bao bì / suất (hộp, túi, nhãn, đũa) | B13: 4000 | C13: đồng | D13: ƯỚC TÍNH
A14: Hao hụt (% nguyên liệu) | B14: 0.04 | C14: % | D14: ƯỚC TÍNH, đề xuất 3-5%
A15: Thuế khoán (% doanh thu) | B15: 0.045 | C15: % | D15: ĐÃ XÁC MINH: GTGT 3% + TNCN 1,5% (xem tom-tat-du-an.md mục 4)
A16: Phí thanh toán + tin nhắn ZNS / suất | B16: 300 | C16: đồng | D16: ƯỚC TÍNH (ZNS 200-300đ/tin)
A17: Phí shipper ngoài / suất | B17: 0 | C17: đồng | D17: Mặc định 0 vì tự giao. Nhập số nếu thuê ngoài
A18: Chi phí cố định / tháng (chưa gồm lương)
A19: Thuê mặt bằng | B19: 9000000 | C19: đồng | D19: Chủ dự án: 8-10 triệu. Lấy giữa 9 triệu
A20: Điện, nước, gas | B20: 5000000 | C20: đồng | D20: ƯỚC TÍNH, chưa có số thật
A21: Phần mềm (SePay, Zalo OA) | B21: 450000 | C21: đồng | D21: ĐÃ XÁC MINH: 0-450k/tháng
A22: Xăng xe, bảo trì xe giao | B22: 1500000 | C22: đồng | D22: ƯỚC TÍNH, giao toàn TP.HCM nên có thể cao hơn
A23: Chi phí khác (vệ sinh, sửa chữa, văn phòng phẩm) | B23: 2000000 | C23: đồng | D23: ƯỚC TÍNH
A24: Quảng cáo
A25: Ngân sách quảng cáo (% doanh thu của số suất mới cần thêm) | B25: 0.3 | C25: % | D25: Chủ dự án: 30% doanh thu của 50 suất mục tiêu tháng 1. Đủ đơn thì dừng
A26: Tỷ lệ suất mất đi mỗi tháng (khách không gia hạn) | B26: 0.2 | C26: % | D26: ƯỚC TÍNH, cần đo. Dùng để tính số suất phải bù bằng quảng cáo
A27: Khấu hao
A28: Số năm khấu hao máy | B28: 4 | C28: năm | D28: ƯỚC TÍNH
A30: Chỉ số tính sẵn
A31: Chi phí biến đổi / suất | B31: =($B$12*(1+$B$14))+$B$13+$B$9*$B$15+$B$16+$B$17 -> 28137.5 | D31: Nguyên liệu kể cả hao hụt + bao bì + thuế + phí + ship ngoài
A32: Lãi gộp / suất | B32: =$B$9-B31 -> 39362.5 | D32: Giá bình quân - chi phí biến đổi
A33: Biên lãi gộp | B33: =IF($B$9=0,0,B32/$B$9) -> 0.58314815
A34: Chi phí cố định / tháng (chưa lương, chưa quảng cáo) | B34: =$B$19+$B$20+$B$21+$B$22+$B$23 -> 17950000

Sheet Von ban dau
A1: VỐN BAN ĐẦU (ngân sách tối đa 200 triệu)
A3: Mục | B3: Số tiền (đồng) | C3: Nguồn / ghi chú
A4: Cọc mặt bằng (số tháng) | B4: 2 | C4: ƯỚC TÍNH, thường 2-3 tháng. Ô này là SỐ THÁNG
A5: Tiền cọc mặt bằng | B5: =B4*'Gia dinh'!$B$19 -> 18000000 | C5: Số tháng cọc x tiền thuê
A6: Tiền thuê tháng chuẩn bị (trước khi bán) | B6: ='Gia dinh'!$B$19 -> 9000000 | C6: 1 tháng cải tạo, lắp máy, nấu thử
A7: Cải tạo bếp: hút mùi, điện, PCCC, bồn rửa | B7: 20000000 | C7: ƯỚC TÍNH, chưa khảo sát mặt bằng
A8: Bộ máy tối thiểu | B8: 58660000 | C8: ĐÃ XÁC MINH giá (tom-tat-du-an.md mục 5), dùng tủ cơm điện
A9: Phụ kiện: bàn inox, cân, máy in nhãn, tủ lưu mẫu, dụng cụ | B9: 15000000 | C9: ƯỚC TÍNH 10-20 triệu
A10: Giấy phép: thẩm định ATTP | B10: 1000000 | C10: ĐÃ XÁC MINH (cơ sở từ 200 suất)
A11: Giấy phép: hộ kinh doanh, khám sức khỏe, tập huấn ATTP | B11: 2000000 | C11: ƯỚC TÍNH
A12: Branding: logo, nhãn, chụp ảnh món | B12: 5000000 | C12: ƯỚC TÍNH
A13: Hàng tồn ban đầu: đồ khô, gia vị, hộp, túi | B13: 5000000 | C13: ƯỚC TÍNH
A14: Nấu thử nội bộ (5 ngày x 20 suất) | B14: =5*20*('Gia dinh'!$B$12+'Gia dinh'!$B$13) -> 2400000 | C14: Theo đề xuất Soft open
A15: Quảng cáo Soft open (tuần trước khi bán) | B15: 5000000 | C15: ƯỚC TÍNH. Quảng cáo tháng 1 tính riêng trong sheet Lai lo
A16: Vốn lưu động: chi phí cố định (số tháng) | B16: 2 | C16: Đề xuất 2 tháng. Ô này là SỐ THÁNG
A17: Vốn lưu động | B17: =B16*'Gia dinh'!$B$34 -> 35900000 | C17: Số tháng x chi phí cố định chưa lương
A18: Cộng (chưa dự phòng) | B18: =B5+B6+B7+B8+B9+B10+B11+B12+B13+B14+B15+B17 -> 176960000
A19: Tỷ lệ dự phòng | B19: 0.1 | C19: Đề xuất 10-15%
A20: Dự phòng | B20: =B18*B19 -> 17696000
A21: TỔNG VỐN BAN ĐẦU | B21: =B18+B20 -> 194656000
A22: Ngân sách tối đa | B22: 200000000 | C22: Chủ dự án chốt
A23: Còn dư (+) / vượt (-) | B23: =B22-B21 -> 5344000
A24: Khấu hao máy / tháng | B24: =('Von ban dau'!$B$8+'Von ban dau'!$B$9)/('Gia dinh'!$B$28*12) -> 1534583.3 | C24: (Bộ máy + phụ kiện) / số tháng khấu hao

Sheet Lai lo 6 thang
A1: LÃI LỖ 6 THÁNG THEO LỘ TRÌNH 50 → 100 → 200 SUẤT
A2: Lương đang để 0 theo yêu cầu. Nhập lương ở dòng 'Lương' khi có số.
A4: Chỉ tiêu (đồng) | B4: Tháng 1 | C4: Tháng 2 | D4: Tháng 3 | E4: Tháng 4 | F4: Tháng 5 | G4: Tháng 6 | H4: Ghi chú
A5: Suất / ngày (mục tiêu) | B5: 50 | C5: 100 | D5: 200 | E5: 200 | F5: 200 | G5: 200 | H5: Chủ dự án: 50 → 100 → 200. Tháng 4-6 giữ 200
A6: Doanh thu | B6: =B5*'Gia dinh'!$B$10*'Gia dinh'!$B$9 -> 74250000 | C6: =C5*'Gia dinh'!$B$10*'Gia dinh'!$B$9 -> 148500000 | D6: =D5*'Gia dinh'!$B$10*'Gia dinh'!$B$9 -> 297000000 | E6: =E5*'Gia dinh'!$B$10*'Gia dinh'!$B$9 -> 297000000 | F6: =F5*'Gia dinh'!$B$10*'Gia dinh'!$B$9 -> 297000000 | G6: =G5*'Gia dinh'!$B$10*'Gia dinh'!$B$9 -> 297000000 | H6: Suất x ngày x giá bình quân
A7: Chi phí biến đổi (COGS) | B7: =B5*'Gia dinh'!$B$10*'Gia dinh'!$B$31 -> 30951250 | C7: =C5*'Gia dinh'!$B$10*'Gia dinh'!$B$31 -> 61902500 | D7: =D5*'Gia dinh'!$B$10*'Gia dinh'!$B$31 -> 123805000 | E7: =E5*'Gia dinh'!$B$10*'Gia dinh'!$B$31 -> 123805000 | F7: =F5*'Gia dinh'!$B$10*'Gia dinh'!$B$31 -> 123805000 | G7: =G5*'Gia dinh'!$B$10*'Gia dinh'!$B$31 -> 123805000 | H7: Nguyên liệu, bao bì, hao hụt, thuế, phí
A8: Lãi gộp | B8: =B6-B7 -> 43298750 | C8: =C6-C7 -> 86597500 | D8: =D6-D7 -> 173195000 | E8: =E6-E7 -> 173195000 | F8: =F6-F7 -> 173195000 | G8: =G6-G7 -> 173195000
A9: Biên lãi gộp | B9: =IF(B6=0,0,B8/B6) -> 0.58314815 | C9: =IF(C6=0,0,C8/C6) -> 0.58314815 | D9: =IF(D6=0,0,D8/D6) -> 0.58314815 | E9: =IF(E6=0,0,E8/E6) -> 0.58314815 | F9: =IF(F6=0,0,F8/F6) -> 0.58314815 | G9: =IF(G6=0,0,G8/G6) -> 0.58314815
A10: Suất mới cần thêm / ngày | B10: =MAX(0,B5) -> 50 | C10: =MAX(0,C5-B5*(1-'Gia dinh'!$B$26)) -> 60 | D10: =MAX(0,D5-C5*(1-'Gia dinh'!$B$26)) -> 120 | E10: =MAX(0,E5-D5*(1-'Gia dinh'!$B$26)) -> 40 | F10: =MAX(0,F5-E5*(1-'Gia dinh'!$B$26)) -> 40 | G10: =MAX(0,G5-F5*(1-'Gia dinh'!$B$26)) -> 40 | H10: Mục tiêu - (tháng trước x (1 - tỷ lệ mất khách))
A11: Quảng cáo | B11: =B10*'Gia dinh'!$B$10*'Gia dinh'!$B$9*'Gia dinh'!$B$25 -> 22275000 | C11: =C10*'Gia dinh'!$B$10*'Gia dinh'!$B$9*'Gia dinh'!$B$25 -> 26730000 | D11: =D10*'Gia dinh'!$B$10*'Gia dinh'!$B$9*'Gia dinh'!$B$25 -> 53460000 | E11: =E10*'Gia dinh'!$B$10*'Gia dinh'!$B$9*'Gia dinh'!$B$25 -> 17820000 | F11: =F10*'Gia dinh'!$B$10*'Gia dinh'!$B$9*'Gia dinh'!$B$25 -> 17820000 | G11: =G10*'Gia dinh'!$B$10*'Gia dinh'!$B$9*'Gia dinh'!$B$25 -> 17820000 | H11: 30% doanh thu của số suất mới
A12: Chi phí cố định (chưa lương) | B12: ='Gia dinh'!$B$34 -> 17950000 | C12: ='Gia dinh'!$B$34 -> 17950000 | D12: ='Gia dinh'!$B$34 -> 17950000 | E12: ='Gia dinh'!$B$34 -> 17950000 | F12: ='Gia dinh'!$B$34 -> 17950000 | G12: ='Gia dinh'!$B$34 -> 17950000 | H12: Từ sheet Gia dinh
A13: EBITDA trước lương | B13: =B8-B11-B12 -> 3073750 | C13: =C8-C11-C12 -> 41917500 | D13: =D8-D11-D12 -> 101785000 | E13: =E8-E11-E12 -> 137425000 | F13: =F8-F11-F12 -> 137425000 | G13: =G8-G11-G12 -> 137425000
A14: Lương | B14: 0 | C14: 0 | D14: 0 | E14: 0 | F14: 0 | G14: 0 | H14: CHƯA TÍNH theo yêu cầu. Nhập khi có số
A15: EBITDA | B15: =B13-B14 -> 3073750 | C15: =C13-C14 -> 41917500 | D15: =D13-D14 -> 101785000 | E15: =E13-E14 -> 137425000 | F15: =F13-F14 -> 137425000 | G15: =G13-G14 -> 137425000
A16: Khấu hao | B16: ='Von ban dau'!$B$24 -> 1534583.3 | C16: ='Von ban dau'!$B$24 -> 1534583.3 | D16: ='Von ban dau'!$B$24 -> 1534583.3 | E16: ='Von ban dau'!$B$24 -> 1534583.3 | F16: ='Von ban dau'!$B$24 -> 1534583.3 | G16: ='Von ban dau'!$B$24 -> 1534583.3 | H16: Từ sheet Von ban dau
A17: Lãi ròng (trước lương nếu dòng Lương = 0) | B17: =B15-B16 -> 1539166.7 | C17: =C15-C16 -> 40382917 | D17: =D15-D16 -> 1.0025042e+08 | E17: =E15-E16 -> 1.3589042e+08 | F17: =F15-F16 -> 1.3589042e+08 | G17: =G15-G16 -> 1.3589042e+08
A18: Lũy kế tiền thu về (EBITDA) trừ vốn ban đầu | B18: =-'Von ban dau'!$B$21+B15 -> -191582250 | C18: =B18+C15 -> -149664750 | D18: =C18+D15 -> -47879750 | E18: =D18+E15 -> 89545250 | F18: =E18+F15 -> 226970250 | G18: =F18+G15 -> 364395250 | H18: Số dương = đã hoàn vốn
A20: Tháng hoàn vốn (theo EBITDA) | B20: =IFERROR(INDEX($B$4:$G$4,MATCH(TRUE(),INDEX($B$18:$G$18>=0,0),0)),"Chưa hoàn vốn trong 6 tháng") -> Tháng 4

Sheet Kich ban thang 1
A1: 3 KỊCH BẢN THÁNG 1
A2: Quảng cáo tháng 1 cố định theo mục tiêu 50 suất, dù đạt bao nhiêu.
A4: Chỉ tiêu (đồng) | B4: Xấu | C4: Cơ sở | D4: Tốt | E4: Ghi chú
A5: Suất / ngày | B5: 20 | C5: 50 | D5: 80 | E5: Xấu / cơ sở / tốt
A6: Doanh thu | B6: =B5*'Gia dinh'!$B$10*'Gia dinh'!$B$9 -> 29700000 | C6: =C5*'Gia dinh'!$B$10*'Gia dinh'!$B$9 -> 74250000 | D6: =D5*'Gia dinh'!$B$10*'Gia dinh'!$B$9 -> 118800000
A7: Chi phí biến đổi (COGS) | B7: =B5*'Gia dinh'!$B$10*'Gia dinh'!$B$31 -> 12380500 | C7: =C5*'Gia dinh'!$B$10*'Gia dinh'!$B$31 -> 30951250 | D7: =D5*'Gia dinh'!$B$10*'Gia dinh'!$B$31 -> 49522000
A8: Lãi gộp | B8: =B6-B7 -> 17319500 | C8: =C6-C7 -> 43298750 | D8: =D6-D7 -> 69278000
A9: Quảng cáo (theo mục tiêu 50 suất) | B9: =50*'Gia dinh'!$B$10*'Gia dinh'!$B$9*'Gia dinh'!$B$25 -> 22275000 | C9: =50*'Gia dinh'!$B$10*'Gia dinh'!$B$9*'Gia dinh'!$B$25 -> 22275000 | D9: =50*'Gia dinh'!$B$10*'Gia dinh'!$B$9*'Gia dinh'!$B$25 -> 22275000
A10: Chi phí cố định (chưa lương) | B10: ='Gia dinh'!$B$34 -> 17950000 | C10: ='Gia dinh'!$B$34 -> 17950000 | D10: ='Gia dinh'!$B$34 -> 17950000
A11: EBITDA trước lương | B11: =B8-B9-B10 -> -22905500 | C11: =C8-C9-C10 -> 3073750 | D11: =D8-D9-D10 -> 29053000
A12: Lãi gộp / suất | B12: ='Gia dinh'!$B$32 -> 39362.5 | C12: ='Gia dinh'!$B$32 -> 39362.5 | D12: ='Gia dinh'!$B$32 -> 39362.5
A14: HÒA VỐN
A15: Hòa vốn trước lương, không quảng cáo (suất/ngày) | B15: =IFERROR('Gia dinh'!$B$34/('Gia dinh'!$B$32*'Gia dinh'!$B$10),0) -> 20.728081 | E15: Chi phí cố định / (lãi gộp/suất x ngày)
A16: Hòa vốn trước lương, có quảng cáo tháng 1 (suất/ngày) | B16: =IFERROR(('Gia dinh'!$B$34+B9)/('Gia dinh'!$B$32*'Gia dinh'!$B$10),0) -> 46.450533
A17: Lương giả định để tính thử (tổng / tháng) | B17: 0 | E17: Nhập thử để xem hòa vốn có lương
A18: Hòa vốn có lương, không quảng cáo (suất/ngày) | B18: =IFERROR(('Gia dinh'!$B$34+B17)/('Gia dinh'!$B$32*'Gia dinh'!$B$10),0) -> 20.728081

Sheet Giao hang
A1: KIỂM TRA SỨC GIAO: 1 SHIPPER XE MÁY, TOÀN TP.HCM
A3: Chỉ tiêu | B3: Giá trị | C3: Ghi chú
A4: Khung giờ giao (phút), 9:30-11:30 | B4: 120 | C4: Chủ dự án chốt
A5: Thời gian trung bình mỗi điểm giao (phút): đi + gửi xe + lên tòa nhà | B5: 15 | C5: ƯỚC TÍNH, cần đo khi Soft open. Giao toàn TP.HCM nên có thể 20-30 phút
A6: Thời gian đi từ bếp (Q.8) tới điểm đầu tiên (phút) | B6: 20 | C6: ƯỚC TÍNH
A7: Sức chở 1 chuyến (suất) | B7: 60 | C7: ƯỚC TÍNH theo 2 túi 70L + 2 túi đôi 90L, chưa đo
A8: Số shipper | B8: 1 | C8: Chủ dự án chốt
A9: Số điểm giao được trong khung giờ | B9: =B8*FLOOR((B4-B6)/B5,1) -> 6 | C9: Công thức
A10: Suất / ngày mục tiêu | B10: ='Lai lo 6 thang'!B5 -> 50 | C10: Tháng 1
A11: Số suất tối thiểu mỗi điểm để kịp giờ | B11: =IFERROR(B10/B9,0) -> 8.3333333 | C11: Nếu > 1 thì phải gom nhiều suất vào 1 tòa nhà
A12: Số chuyến về bếp lấy hàng | B12: =ROUNDUP(B10/(B7*B8),0) -> 1 | C12: Mỗi lần quay về Q.8 mất thêm thời gian
